{
  "trial": 62,
  "depth": 6,
  "base_width": 640,
  "shape": "uniform",
  "hidden_layers": [
    640,
    640,
    640,
    640,
    640,
    640
  ],
  "act": "gelu",
  "dropout": 0.24497584938194938,
  "dropout_all": 0.10498210596475034,
  "max_lr": 0.0017131314880525596,
  "weight_decay": 3.9264093359958565e-06,
  "batch": 8192,
  "auc": 0.8892115010878592
}