{
  "trial": 13,
  "depth": 5,
  "base_width": 768,
  "shape": "uniform",
  "hidden_layers": [
    768,
    768,
    768,
    768,
    768
  ],
  "act": "relu",
  "dropout": 0.3214826733490421,
  "dropout_all": 0.07127825637401058,
  "max_lr": 0.002580370640763103,
  "weight_decay": 3.9898517984699106e-06,
  "batch": 16384,
  "auc": 0.8834177274242506
}