{
  "trial": 26,
  "depth": 5,
  "base_width": 768,
  "shape": "uniform",
  "hidden_layers": [
    768,
    768,
    768,
    768,
    768
  ],
  "act": "gelu",
  "dropout": 0.37068541401688093,
  "dropout_all": 0.12602673998842845,
  "max_lr": 0.002078218033863693,
  "weight_decay": 1.7818073616292408e-06,
  "batch": 8192,
  "auc": 0.8880827915808465
}