{
  "trial": 74,
  "depth": 8,
  "base_width": 512,
  "shape": "uniform",
  "hidden_layers": [
    512,
    512,
    512,
    512,
    512,
    512,
    512,
    512
  ],
  "act": "gelu",
  "dropout": 0.09006319460750761,
  "dropout_all": 0.0787496264055152,
  "max_lr": 0.0033850043873796666,
  "weight_decay": 1.2667060460284465e-06,
  "batch": 8192,
  "auc": 0.8903090862156383
}