{
  "trial": 114,
  "depth": 8,
  "base_width": 512,
  "shape": "uniform",
  "hidden_layers": [
    512,
    512,
    512,
    512,
    512,
    512,
    512,
    512
  ],
  "act": "gelu",
  "dropout": 0.09177851284378924,
  "dropout_all": 0.1008743241636092,
  "max_lr": 0.003184939721866425,
  "weight_decay": 4.556682185634642e-06,
  "batch": 8192,
  "auc": 0.8911429624085005
}