{
  "trial": 40,
  "depth": 8,
  "base_width": 512,
  "shape": "uniform",
  "hidden_layers": [
    512,
    512,
    512,
    512,
    512,
    512,
    512,
    512
  ],
  "act": "gelu",
  "dropout": 0.1072389374946431,
  "dropout_all": 0.1287506792175573,
  "max_lr": 0.0031739333460061203,
  "weight_decay": 3.2281007871690915e-06,
  "batch": 16384,
  "auc": 0.8909615056554314
}