{
  "trial": 94,
  "depth": 8,
  "base_width": 512,
  "shape": "uniform",
  "hidden_layers": [
    512,
    512,
    512,
    512,
    512,
    512,
    512,
    512
  ],
  "act": "gelu",
  "dropout": 0.08792009298635223,
  "dropout_all": 0.07366683856634243,
  "max_lr": 0.0028252637038037967,
  "weight_decay": 1.9985932178859927e-06,
  "batch": 16384,
  "auc": 0.8896264627609904
}