{
  "trial": 14,
  "depth": 5,
  "base_width": 384,
  "shape": "pyramid",
  "hidden_layers": [
    384,
    192,
    96,
    64,
    64
  ],
  "act": "relu",
  "dropout": 0.18930918784830905,
  "dropout_all": 0.014092571968869635,
  "max_lr": 0.0036469071711639645,
  "weight_decay": 5.631876783425375e-06,
  "batch": 32768,
  "auc": 0.8729166396290065
}