{
  "trial": 4,
  "depth": 4,
  "base_width": 384,
  "shape": "pyramid",
  "hidden_layers": [
    384,
    192,
    96,
    64
  ],
  "act": "gelu",
  "dropout": 0.14749006826438565,
  "dropout_all": 0.12314898447719026,
  "max_lr": 0.0011440915901690702,
  "weight_decay": 0.00032646356775235217,
  "batch": 16384,
  "auc": 0.8610322353339526
}