{
  "trial": 2,
  "depth": 7,
  "base_width": 384,
  "shape": "uniform",
  "hidden_layers": [
    384,
    384,
    384,
    384,
    384,
    384,
    384
  ],
  "act": "relu",
  "dropout": 0.16586477599620944,
  "dropout_all": 0.039683341815694044,
  "max_lr": 0.0029250623533806576,
  "weight_decay": 2.3358825194833545e-05,
  "batch": 32768,
  "auc": 0.8849320102017617
}