{
  "trial": 12,
  "depth": 6,
  "base_width": 384,
  "shape": "uniform",
  "hidden_layers": [
    384,
    384,
    384,
    384,
    384,
    384
  ],
  "act": "gelu",
  "dropout": 0.15277972851207744,
  "dropout_all": 0.026346150075587507,
  "max_lr": 0.0025340201993843325,
  "weight_decay": 7.336927998442485e-05,
  "batch": 32768,
  "auc": 0.8848451471027489
}