{
  "trial": 100,
  "depth": 8,
  "base_width": 512,
  "shape": "uniform",
  "hidden_layers": [
    512,
    512,
    512,
    512,
    512,
    512,
    512,
    512
  ],
  "act": "gelu",
  "dropout": 0.01258937572528368,
  "dropout_all": 0.08039888400240285,
  "max_lr": 0.00381253302896047,
  "weight_decay": 2.8267546254725022e-05,
  "batch": 8192,
  "auc": 0.8900057950137432
}