{
  "trial": 63,
  "depth": 8,
  "base_width": 512,
  "shape": "uniform",
  "hidden_layers": [
    512,
    512,
    512,
    512,
    512,
    512,
    512,
    512
  ],
  "act": "gelu",
  "dropout": 0.044037532600060394,
  "dropout_all": 0.09935838713630821,
  "max_lr": 0.0031968319428638168,
  "weight_decay": 3.3006280638847857e-06,
  "batch": 8192,
  "auc": 0.8908808844250895
}