{
  "trial": 42,
  "depth": 8,
  "base_width": 512,
  "shape": "uniform",
  "hidden_layers": [
    512,
    512,
    512,
    512,
    512,
    512,
    512,
    512
  ],
  "act": "gelu",
  "dropout": 0.11923895019583382,
  "dropout_all": 0.11988108192692629,
  "max_lr": 0.002917181918628129,
  "weight_decay": 3.5123873822665124e-06,
  "batch": 16384,
  "auc": 0.8908427662559438
}