{
  "trial": 44,
  "depth": 7,
  "base_width": 512,
  "shape": "uniform",
  "hidden_layers": [
    512,
    512,
    512,
    512,
    512,
    512,
    512
  ],
  "act": "gelu",
  "dropout": 0.12124156693281743,
  "dropout_all": 0.1300379540077862,
  "max_lr": 0.003598430420124718,
  "weight_decay": 3.1385919326882798e-06,
  "batch": 16384,
  "auc": 0.8910170210393416
}