{
  "trial": 25,
  "depth": 6,
  "base_width": 768,
  "shape": "uniform",
  "hidden_layers": [
    768,
    768,
    768,
    768,
    768,
    768
  ],
  "act": "gelu",
  "dropout": 0.3450863733882619,
  "dropout_all": 0.13501194510877573,
  "max_lr": 0.0025901813722758273,
  "weight_decay": 1.3933558868080158e-06,
  "batch": 8192,
  "auc": 0.889340255263956
}