{
  "trial": 61,
  "depth": 8,
  "base_width": 768,
  "shape": "uniform",
  "hidden_layers": [
    768,
    768,
    768,
    768,
    768,
    768,
    768,
    768
  ],
  "act": "gelu",
  "dropout": 0.22943287712279095,
  "dropout_all": 0.12796751172484372,
  "max_lr": 0.00372733126998331,
  "weight_decay": 4.8713172610741875e-06,
  "batch": 16384,
  "auc": 0.890185060127561
}