{
  "trial": 37,
  "depth": 7,
  "base_width": 768,
  "shape": "uniform",
  "hidden_layers": [
    768,
    768,
    768,
    768,
    768,
    768,
    768
  ],
  "act": "gelu",
  "dropout": 0.24368039039713366,
  "dropout_all": 0.14516892731277958,
  "max_lr": 0.003286386428027758,
  "weight_decay": 2.5976614970330268e-05,
  "batch": 8192,
  "auc": 0.8907225860306371
}