{
  "trial": 35,
  "depth": 7,
  "base_width": 768,
  "shape": "uniform",
  "hidden_layers": [
    768,
    768,
    768,
    768,
    768,
    768,
    768
  ],
  "act": "gelu",
  "dropout": 0.2155483060210322,
  "dropout_all": 0.14303387246802177,
  "max_lr": 0.003331238829261523,
  "weight_decay": 6.3729709845857305e-06,
  "batch": 8192,
  "auc": 0.8906047026623395
}