{
  "trial": 3,
  "depth": 6,
  "base_width": 384,
  "shape": "pyramid",
  "hidden_layers": [
    384,
    192,
    96,
    64,
    64,
    64
  ],
  "act": "relu",
  "dropout": 0.05157051906194132,
  "dropout_all": 0.047314252638627576,
  "max_lr": 0.0016556773347892351,
  "weight_decay": 5.1355896065002253e-05,
  "batch": 16384,
  "auc": 0.8673651582178947
}