{
  "trial": 66,
  "depth": 8,
  "base_width": 640,
  "shape": "uniform",
  "hidden_layers": [
    640,
    640,
    640,
    640,
    640,
    640,
    640,
    640
  ],
  "act": "gelu",
  "dropout": 0.050510630431347,
  "dropout_all": 0.10165206858966941,
  "max_lr": 0.002450155371772075,
  "weight_decay": 1.3694990048553458e-05,
  "batch": 8192,
  "auc": 0.8901619989671291
}