{
  "trial": 68,
  "depth": 7,
  "base_width": 512,
  "shape": "uniform",
  "hidden_layers": [
    512,
    512,
    512,
    512,
    512,
    512,
    512
  ],
  "act": "gelu",
  "dropout": 0.13565472282594265,
  "dropout_all": 0.08832044987559115,
  "max_lr": 0.0036949650469729365,
  "weight_decay": 1.3061352616845735e-05,
  "batch": 8192,
  "auc": 0.8903499926513476
}