{
  "trial": 52,
  "depth": 8,
  "base_width": 512,
  "shape": "uniform",
  "hidden_layers": [
    512,
    512,
    512,
    512,
    512,
    512,
    512,
    512
  ],
  "act": "gelu",
  "dropout": 0.21408906516893234,
  "dropout_all": 0.10322930757074271,
  "max_lr": 0.0034785123838404915,
  "weight_decay": 2.387098365605894e-06,
  "batch": 16384,
  "auc": 0.8910102562929222
}