{
  "trial": 21,
  "depth": 6,
  "base_width": 512,
  "shape": "uniform",
  "hidden_layers": [
    512,
    512,
    512,
    512,
    512,
    512
  ],
  "act": "relu",
  "dropout": 0.39780703122462246,
  "dropout_all": 0.04629332399981997,
  "max_lr": 0.002182210588050042,
  "weight_decay": 5.773129285602615e-05,
  "batch": 8192,
  "auc": 0.8845578114790116
}