{
  "trial": 9,
  "depth": 7,
  "base_width": 768,
  "shape": "uniform",
  "hidden_layers": [
    768,
    768,
    768,
    768,
    768,
    768,
    768
  ],
  "act": "relu",
  "dropout": 0.3392032917288938,
  "dropout_all": 0.1210978438087516,
  "max_lr": 0.002201064583363566,
  "weight_decay": 1.6655201514737625e-05,
  "batch": 16384,
  "auc": 0.8866192645668115
}