{
  "trial": 23,
  "depth": 6,
  "base_width": 768,
  "shape": "uniform",
  "hidden_layers": [
    768,
    768,
    768,
    768,
    768,
    768
  ],
  "act": "gelu",
  "dropout": 0.32912003455742556,
  "dropout_all": 0.1244018069877209,
  "max_lr": 0.001830496051094193,
  "weight_decay": 2.07437906856786e-06,
  "batch": 8192,
  "auc": 0.8890137154651889
}