{
  "trial": 32,
  "depth": 8,
  "base_width": 768,
  "shape": "uniform",
  "hidden_layers": [
    768,
    768,
    768,
    768,
    768,
    768,
    768,
    768
  ],
  "act": "gelu",
  "dropout": 0.3224805559802816,
  "dropout_all": 0.13225445965237573,
  "max_lr": 0.003474895070984952,
  "weight_decay": 2.2373020861982153e-06,
  "batch": 8192,
  "auc": 0.8902948577435831
}