{
  "trial": 29,
  "depth": 8,
  "base_width": 1024,
  "shape": "uniform",
  "hidden_layers": [
    1024,
    1024,
    1024,
    1024,
    1024,
    1024,
    1024,
    1024
  ],
  "act": "gelu",
  "dropout": 0.2991154238293504,
  "dropout_all": 0.07800582106512542,
  "max_lr": 0.00209744897503251,
  "weight_decay": 2.9921646810900053e-06,
  "batch": 8192,
  "auc": 0.886683811081379
}