{
  "trial": 24,
  "depth": 8,
  "base_width": 384,
  "shape": "uniform",
  "hidden_layers": [
    384,
    384,
    384,
    384,
    384,
    384,
    384,
    384
  ],
  "act": "gelu",
  "dropout": 0.30760762767180305,
  "dropout_all": 0.10175630009911994,
  "max_lr": 0.0017575035161342617,
  "weight_decay": 2.4265427212094783e-06,
  "batch": 8192,
  "auc": 0.8893035679342949
}