{
  "trial": 113,
  "depth": 8,
  "base_width": 640,
  "shape": "uniform",
  "hidden_layers": [
    640,
    640,
    640,
    640,
    640,
    640,
    640,
    640
  ],
  "act": "gelu",
  "dropout": 0.30254775923548066,
  "dropout_all": 0.10814372972637445,
  "max_lr": 0.0033572981942663247,
  "weight_decay": 2.498923131075957e-06,
  "batch": 16384,
  "auc": 0.8901280868752363
}