{
  "trial": 5,
  "depth": 8,
  "base_width": 384,
  "shape": "pyramid",
  "hidden_layers": [
    384,
    192,
    96,
    64,
    64,
    64,
    64,
    64
  ],
  "act": "relu",
  "dropout": 0.27698884774800797,
  "dropout_all": 0.08499021813098627,
  "max_lr": 0.0014447090543051372,
  "weight_decay": 3.7131642495346186e-05,
  "batch": 32768,
  "auc": 0.8582262151942367
}