{
  "trial": 56,
  "depth": 8,
  "base_width": 768,
  "shape": "uniform",
  "hidden_layers": [
    768,
    768,
    768,
    768,
    768,
    768,
    768,
    768
  ],
  "act": "gelu",
  "dropout": 0.16929468136735817,
  "dropout_all": 0.12278433277458563,
  "max_lr": 0.0018156952269022708,
  "weight_decay": 1.6026529519683967e-06,
  "batch": 16384,
  "auc": 0.88982671049685
}