{
  "trial": 27,
  "depth": 7,
  "base_width": 640,
  "shape": "uniform",
  "hidden_layers": [
    640,
    640,
    640,
    640,
    640,
    640,
    640
  ],
  "act": "gelu",
  "dropout": 0.2720211045726148,
  "dropout_all": 0.12060438589925297,
  "max_lr": 0.00141440169889989,
  "weight_decay": 4.718984061124643e-06,
  "batch": 8192,
  "auc": 0.8907290150949208
}