{
  "trial": 20,
  "depth": 7,
  "base_width": 512,
  "shape": "uniform",
  "hidden_layers": [
    512,
    512,
    512,
    512,
    512,
    512,
    512
  ],
  "act": "relu",
  "dropout": 0.39587518698845225,
  "dropout_all": 0.09988484566565838,
  "max_lr": 0.0017799994422935126,
  "weight_decay": 1.1254046397411442e-05,
  "batch": 8192,
  "auc": 0.8858587485996461
}