{
  "trial": 1,
  "depth": 6,
  "base_width": 256,
  "shape": "pyramid",
  "hidden_layers": [
    256,
    128,
    64,
    64,
    64,
    64
  ],
  "act": "gelu",
  "dropout": 0.2115579679011618,
  "dropout_all": 0.08520668416408984,
  "max_lr": 0.0036079848397075013,
  "weight_decay": 1.6334587611069488e-06,
  "batch": 32768,
  "auc": 0.8571647777567414
}