{
  "trial": 49,
  "depth": 6,
  "base_width": 640,
  "shape": "uniform",
  "hidden_layers": [
    640,
    640,
    640,
    640,
    640,
    640
  ],
  "act": "gelu",
  "dropout": 0.11252997364534723,
  "dropout_all": 0.11441929664890732,
  "max_lr": 0.0033135993382584113,
  "weight_decay": 7.742951226780366e-06,
  "batch": 16384,
  "auc": 0.890228157215127
}