{
  "trial": 43,
  "depth": 8,
  "base_width": 512,
  "shape": "uniform",
  "hidden_layers": [
    512,
    512,
    512,
    512,
    512,
    512,
    512,
    512
  ],
  "act": "gelu",
  "dropout": 0.09627941451114261,
  "dropout_all": 0.0570506004435124,
  "max_lr": 0.002745232496796432,
  "weight_decay": 1.3427762664807283e-05,
  "batch": 16384,
  "auc": 0.8880981883577446
}