{
  "trial": 48,
  "depth": 8,
  "base_width": 1024,
  "shape": "uniform",
  "hidden_layers": [
    1024,
    1024,
    1024,
    1024,
    1024,
    1024,
    1024,
    1024
  ],
  "act": "gelu",
  "dropout": 0.27876725677340136,
  "dropout_all": 0.13704142022616136,
  "max_lr": 0.0032971873724875335,
  "weight_decay": 1.5067782482561123e-06,
  "batch": 16384,
  "auc": 0.88848445782991
}