{
  "trial": 16,
  "depth": 6,
  "base_width": 768,
  "shape": "uniform",
  "hidden_layers": [
    768,
    768,
    768,
    768,
    768,
    768
  ],
  "act": "relu",
  "dropout": 0.3396398958833305,
  "dropout_all": 0.10632836282410713,
  "max_lr": 0.0011759552872680535,
  "weight_decay": 2.820562346860843e-06,
  "batch": 16384,
  "auc": 0.8858288639708986
}