{
  "trial": 111,
  "depth": 8,
  "base_width": 640,
  "shape": "uniform",
  "hidden_layers": [
    640,
    640,
    640,
    640,
    640,
    640,
    640,
    640
  ],
  "act": "gelu",
  "dropout": 0.2397639210995593,
  "dropout_all": 0.11828901042175753,
  "max_lr": 0.003234191594009365,
  "weight_decay": 2.59371205064929e-06,
  "batch": 16384,
  "auc": 0.8907558840191317
}