{
  "trial": 67,
  "depth": 8,
  "base_width": 512,
  "shape": "uniform",
  "hidden_layers": [
    512,
    512,
    512,
    512,
    512,
    512,
    512,
    512
  ],
  "act": "gelu",
  "dropout": 0.11884065739522459,
  "dropout_all": 0.12044249124652474,
  "max_lr": 0.003511269878629326,
  "weight_decay": 4.2477820948456665e-06,
  "batch": 8192,
  "auc": 0.8908665031637172
}