{
  "trial": 15,
  "depth": 8,
  "base_width": 768,
  "shape": "uniform",
  "hidden_layers": [
    768,
    768,
    768,
    768,
    768,
    768,
    768,
    768
  ],
  "act": "relu",
  "dropout": 0.26986319162866335,
  "dropout_all": 0.03815971500056259,
  "max_lr": 0.003712850016372933,
  "weight_decay": 1.4130917596057748e-05,
  "batch": 32768,
  "auc": 0.8825922597493908
}