{
  "trial": 99,
  "depth": 8,
  "base_width": 512,
  "shape": "uniform",
  "hidden_layers": [
    512,
    512,
    512,
    512,
    512,
    512,
    512,
    512
  ],
  "act": "gelu",
  "dropout": 0.016333182095815846,
  "dropout_all": 0.10868876140482413,
  "max_lr": 0.0033443034266459394,
  "weight_decay": 2.211216473217772e-05,
  "batch": 8192,
  "auc": 0.8909980598714239
}