{
  "trial": 11,
  "depth": 7,
  "base_width": 384,
  "shape": "uniform",
  "hidden_layers": [
    384,
    384,
    384,
    384,
    384,
    384,
    384
  ],
  "act": "relu",
  "dropout": 0.33016499521422465,
  "dropout_all": 0.143318876796555,
  "max_lr": 0.0022120542806881877,
  "weight_decay": 2.252174855208135e-05,
  "batch": 16384,
  "auc": 0.8740833949764857
}