{
  "trial": 41,
  "depth": 8,
  "base_width": 512,
  "shape": "uniform",
  "hidden_layers": [
    512,
    512,
    512,
    512,
    512,
    512,
    512,
    512
  ],
  "act": "gelu",
  "dropout": 0.03832798461137288,
  "dropout_all": 0.08997474279648542,
  "max_lr": 0.0033938219090416037,
  "weight_decay": 2.7980169924171328e-06,
  "batch": 16384,
  "auc": 0.890856193533347
}