{
  "trial": 39,
  "depth": 8,
  "base_width": 768,
  "shape": "uniform",
  "hidden_layers": [
    768,
    768,
    768,
    768,
    768,
    768,
    768,
    768
  ],
  "act": "gelu",
  "dropout": 0.22144185248309414,
  "dropout_all": 0.1415988247039804,
  "max_lr": 0.003343916023739584,
  "weight_decay": 1.4783933009379824e-06,
  "batch": 16384,
  "auc": 0.8908585635779885
}