{
  "trial": 83,
  "depth": 8,
  "base_width": 768,
  "shape": "uniform",
  "hidden_layers": [
    768,
    768,
    768,
    768,
    768,
    768,
    768,
    768
  ],
  "act": "gelu",
  "dropout": 0.05988248892948565,
  "dropout_all": 0.13470916621458193,
  "max_lr": 0.003306646360692772,
  "weight_decay": 2.319491437137261e-06,
  "batch": 16384,
  "auc": 0.890138453838728
}