{
  "trial": 65,
  "depth": 8,
  "base_width": 512,
  "shape": "uniform",
  "hidden_layers": [
    512,
    512,
    512,
    512,
    512,
    512,
    512,
    512
  ],
  "act": "gelu",
  "dropout": 0.09245445871453933,
  "dropout_all": 0.10319602138356147,
  "max_lr": 0.003373290431601685,
  "weight_decay": 7.990325484373154e-06,
  "batch": 8192,
  "auc": 0.8910464144271141
}