{
  "trial": 35,
  "depth": 6,
  "base_width": 768,
  "shape": "uniform",
  "hidden_layers": [
    768,
    768,
    768,
    768,
    768,
    768
  ],
  "act": "relu",
  "dropout": 0.12414556822516619,
  "max_lr": 0.003102108288953819,
  "weight_decay": 1.6473211226926642e-05,
  "batch": 8192,
  "auc": 0.8816496641435633
}