{
  "trial": 9,
  "depth": 5,
  "base_width": 640,
  "shape": "uniform",
  "hidden_layers": [
    640,
    640,
    640,
    640,
    640
  ],
  "act": "relu",
  "dropout": 0.36779304549786945,
  "max_lr": 0.002691634651105859,
  "weight_decay": 0.0009920670368929654,
  "batch": 16384,
  "auc": 0.8780221258120232
}