{
  "trial": 23,
  "depth": 5,
  "base_width": 256,
  "shape": "uniform",
  "hidden_layers": [
    256,
    256,
    256,
    256,
    256
  ],
  "act": "gelu",
  "dropout": 0.39999361258835875,
  "max_lr": 0.0029005666513159936,
  "weight_decay": 0.0005199018292305934,
  "batch": 8192,
  "auc": 0.884653480197333
}