{
  "trial": 40,
  "depth": 6,
  "base_width": 768,
  "shape": "uniform",
  "hidden_layers": [
    768,
    768,
    768,
    768,
    768,
    768
  ],
  "act": "gelu",
  "dropout": 0.18777373111465945,
  "max_lr": 0.0026533768705267677,
  "weight_decay": 5.037156725672076e-06,
  "batch": 16384,
  "auc": 0.880917191313766
}