{
  "trial": 37,
  "depth": 6,
  "base_width": 1024,
  "shape": "uniform",
  "hidden_layers": [
    1024,
    1024,
    1024,
    1024,
    1024,
    1024
  ],
  "act": "gelu",
  "dropout": 0.2101681067503253,
  "max_lr": 0.0037916840417885106,
  "weight_decay": 1.4210908516777695e-06,
  "batch": 8192,
  "auc": 0.8817467485853976
}