{
  "trial": 36,
  "depth": 6,
  "base_width": 768,
  "shape": "uniform",
  "hidden_layers": [
    768,
    768,
    768,
    768,
    768,
    768
  ],
  "act": "gelu",
  "dropout": 0.19315299211536485,
  "max_lr": 0.003565758457217267,
  "weight_decay": 3.4967867084937933e-06,
  "batch": 8192,
  "auc": 0.8825100927243279
}