{
  "trial": 39,
  "depth": 6,
  "base_width": 512,
  "shape": "uniform",
  "hidden_layers": [
    512,
    512,
    512,
    512,
    512,
    512
  ],
  "act": "gelu",
  "dropout": 0.39854562738441085,
  "max_lr": 0.003254849691267836,
  "weight_decay": 0.0005475532691421555,
  "batch": 8192,
  "auc": 0.8819015505264121
}