{
  "trial": 67,
  "depth": 6,
  "base_width": 384,
  "shape": "uniform",
  "hidden_layers": [
    384,
    384,
    384,
    384,
    384,
    384
  ],
  "act": "gelu",
  "dropout": 0.08469265569536813,
  "max_lr": 0.003855157192754966,
  "weight_decay": 1.1193002129670717e-05,
  "batch": 8192,
  "auc": 0.8832240817314064
}