{
  "trial": 27,
  "depth": 6,
  "base_width": 1024,
  "shape": "uniform",
  "hidden_layers": [
    1024,
    1024,
    1024,
    1024,
    1024,
    1024
  ],
  "act": "relu",
  "dropout": 0.39284109108680154,
  "max_lr": 0.0025401421933587587,
  "weight_decay": 0.00033706448439632555,
  "batch": 8192,
  "auc": 0.8811012226306505
}