{
  "trial": 10,
  "depth": 5,
  "base_width": 384,
  "shape": "uniform",
  "hidden_layers": [
    384,
    384,
    384,
    384,
    384
  ],
  "act": "gelu",
  "dropout": 0.39020860200115437,
  "max_lr": 0.0032752537525700173,
  "weight_decay": 1.0842820109306236e-06,
  "batch": 16384,
  "auc": 0.8810994555952637
}