{
  "trial": 42,
  "depth": 5,
  "base_width": 768,
  "shape": "uniform",
  "hidden_layers": [
    768,
    768,
    768,
    768,
    768
  ],
  "act": "gelu",
  "dropout": 0.17545388502305168,
  "max_lr": 0.0031164714252311324,
  "weight_decay": 2.306455116261576e-06,
  "batch": 8192,
  "auc": 0.8798755918427802
}