{
  "trial": 18,
  "depth": 6,
  "base_width": 768,
  "shape": "uniform",
  "hidden_layers": [
    768,
    768,
    768,
    768,
    768,
    768
  ],
  "act": "gelu",
  "dropout": 0.16950056373569788,
  "max_lr": 0.00371650717146364,
  "weight_decay": 2.0745222200003143e-05,
  "batch": 8192,
  "auc": 0.882245072095571
}