{
  "trial": 70,
  "depth": 6,
  "base_width": 640,
  "shape": "uniform",
  "hidden_layers": [
    640,
    640,
    640,
    640,
    640,
    640
  ],
  "act": "gelu",
  "dropout": 0.13506937592272508,
  "max_lr": 0.0039938990463002505,
  "weight_decay": 7.903367031761523e-05,
  "batch": 8192,
  "auc": 0.882694773225224
}