{
  "trial": 47,
  "depth": 6,
  "base_width": 384,
  "shape": "uniform",
  "hidden_layers": [
    384,
    384,
    384,
    384,
    384,
    384
  ],
  "act": "gelu",
  "dropout": 0.1596021045466439,
  "max_lr": 0.003942851005109286,
  "weight_decay": 2.574678247254557e-05,
  "batch": 8192,
  "auc": 0.8830295733203815
}