{
  "trial": 2,
  "depth": 6,
  "base_width": 512,
  "shape": "pyramid",
  "hidden_layers": [
    512,
    256,
    128,
    64,
    64,
    64
  ],
  "act": "gelu",
  "dropout": 0.20873932870002868,
  "max_lr": 0.0017768524440597278,
  "weight_decay": 6.218230782016855e-06,
  "batch": 8192,
  "auc": 0.8788765872045177
}