{
  "trial": 34,
  "depth": 6,
  "base_width": 768,
  "shape": "uniform",
  "hidden_layers": [
    768,
    768,
    768,
    768,
    768,
    768
  ],
  "act": "gelu",
  "dropout": 0.1334999453346173,
  "max_lr": 0.0019590823428402887,
  "weight_decay": 1.0617280544536396e-06,
  "batch": 8192,
  "auc": 0.8816418513136439
}