{
  "trial": 8,
  "depth": 5,
  "base_width": 512,
  "shape": "pyramid",
  "hidden_layers": [
    512,
    256,
    128,
    64,
    64
  ],
  "act": "relu",
  "dropout": 0.24720617159953662,
  "max_lr": 0.0018119427865050238,
  "weight_decay": 2.549307318072117e-06,
  "batch": 32768,
  "auc": 0.8695053048041461
}