{
  "trial": 19,
  "depth": 6,
  "base_width": 768,
  "shape": "uniform",
  "hidden_layers": [
    768,
    768,
    768,
    768,
    768,
    768
  ],
  "act": "gelu",
  "dropout": 0.3505933972536677,
  "max_lr": 0.0034223958342862863,
  "weight_decay": 0.0005163407744788181,
  "batch": 8192,
  "auc": 0.88230979333086
}