{
  "trial": 33,
  "depth": 6,
  "base_width": 768,
  "shape": "uniform",
  "hidden_layers": [
    768,
    768,
    768,
    768,
    768,
    768
  ],
  "act": "gelu",
  "dropout": 0.2330968208390497,
  "max_lr": 0.0034193864046127126,
  "weight_decay": 1.7385486773818831e-06,
  "batch": 8192,
  "auc": 0.8824981782562361
}