{
  "trial": 22,
  "depth": 6,
  "base_width": 768,
  "shape": "uniform",
  "hidden_layers": [
    768,
    768,
    768,
    768,
    768,
    768
  ],
  "act": "gelu",
  "dropout": 0.2640332254272243,
  "max_lr": 0.0032794796107188887,
  "weight_decay": 0.0002285899843714478,
  "batch": 8192,
  "auc": 0.8819918514131597
}