{
  "trial": 48,
  "depth": 6,
  "base_width": 384,
  "shape": "uniform",
  "hidden_layers": [
    384,
    384,
    384,
    384,
    384,
    384
  ],
  "act": "gelu",
  "dropout": 0.07114539079371084,
  "max_lr": 0.0038741791713677847,
  "weight_decay": 1.173033641294701e-05,
  "batch": 8192,
  "auc": 0.8829113026203672
}