{
  "trial": 64,
  "depth": 6,
  "base_width": 768,
  "shape": "uniform",
  "hidden_layers": [
    768,
    768,
    768,
    768,
    768,
    768
  ],
  "act": "gelu",
  "dropout": 0.2245001054475663,
  "max_lr": 0.0038798554920184435,
  "weight_decay": 3.66009589434029e-06,
  "batch": 8192,
  "auc": 0.8823229521653079
}