{
  "trial": 71,
  "depth": 6,
  "base_width": 640,
  "shape": "uniform",
  "hidden_layers": [
    640,
    640,
    640,
    640,
    640,
    640
  ],
  "act": "gelu",
  "dropout": 0.0026559483949723517,
  "max_lr": 0.0028836121515943523,
  "weight_decay": 0.00013674300264358583,
  "batch": 8192,
  "auc": 0.881975274514791
}