{
  "trial": 49,
  "depth": 6,
  "base_width": 384,
  "shape": "uniform",
  "hidden_layers": [
    384,
    384,
    384,
    384,
    384,
    384
  ],
  "act": "gelu",
  "dropout": 0.022453996264715025,
  "max_lr": 0.0038974460910799003,
  "weight_decay": 1.8359011834085765e-06,
  "batch": 8192,
  "auc": 0.882956450093529
}