{
  "trial": 20,
  "depth": 5,
  "base_width": 640,
  "shape": "uniform",
  "hidden_layers": [
    640,
    640,
    640,
    640,
    640
  ],
  "act": "gelu",
  "dropout": 0.14891578532724448,
  "max_lr": 0.0035295410020940244,
  "weight_decay": 5.046198930116925e-06,
  "batch": 8192,
  "auc": 0.8803675205665236
}