{
  "trial": 12,
  "depth": 5,
  "base_width": 384,
  "shape": "uniform",
  "hidden_layers": [
    384,
    384,
    384,
    384,
    384
  ],
  "act": "gelu",
  "dropout": 0.31634578038763383,
  "max_lr": 0.003654433190076881,
  "weight_decay": 1.094563673967173e-06,
  "batch": 16384,
  "auc": 0.8804707801435876
}