{
  "trial": 14,
  "depth": 6,
  "base_width": 384,
  "shape": "uniform",
  "hidden_layers": [
    384,
    384,
    384,
    384,
    384,
    384
  ],
  "act": "gelu",
  "dropout": 0.3938158753742816,
  "max_lr": 0.0030946467464483575,
  "weight_decay": 2.15222752138691e-05,
  "batch": 16384,
  "auc": 0.8819339851224075
}