{
  "trial": 15,
  "depth": 5,
  "base_width": 512,
  "shape": "uniform",
  "hidden_layers": [
    512,
    512,
    512,
    512,
    512
  ],
  "act": "gelu",
  "dropout": 0.32849723661062374,
  "max_lr": 0.002022076736095176,
  "weight_decay": 2.3774449840944096e-05,
  "batch": 16384,
  "auc": 0.8786882329204919
}