{
  "trial": 44,
  "depth": 6,
  "base_width": 384,
  "shape": "uniform",
  "hidden_layers": [
    384,
    384,
    384,
    384,
    384,
    384
  ],
  "act": "gelu",
  "dropout": 0.19498302348754154,
  "max_lr": 0.003896358906653578,
  "weight_decay": 2.1922351468153082e-05,
  "batch": 8192,
  "auc": 0.8829365146719514
}