{
  "trial": 6,
  "depth": 4,
  "base_width": 640,
  "shape": "pyramid",
  "hidden_layers": [
    640,
    320,
    160,
    80
  ],
  "act": "relu",
  "dropout": 0.23460517392403327,
  "max_lr": 0.0010282671202657332,
  "weight_decay": 0.0003067750867937875,
  "batch": 16384,
  "auc": 0.8703378593088059
}