{
  "trial": 1,
  "depth": 5,
  "base_width": 256,
  "shape": "pyramid",
  "hidden_layers": [
    256,
    128,
    64,
    64,
    64
  ],
  "act": "gelu",
  "dropout": 0.2115579679011618,
  "max_lr": 0.002197844202331402,
  "weight_decay": 0.0005981221901152554,
  "batch": 16384,
  "auc": 0.8760339647634834
}