{
  "trial": 5,
  "depth": 6,
  "base_width": 640,
  "shape": "pyramid",
  "hidden_layers": [
    640,
    320,
    160,
    80,
    64,
    64
  ],
  "act": "gelu",
  "dropout": 0.04749108758169762,
  "max_lr": 0.001553978300995865,
  "weight_decay": 1.7489966737814595e-05,
  "batch": 16384,
  "auc": 0.8777260557256268
}