{
  "trial": 7,
  "depth": 5,
  "base_width": 256,
  "shape": "uniform",
  "hidden_layers": [
    256,
    256,
    256,
    256,
    256
  ],
  "act": "relu",
  "dropout": 0.11897478034205347,
  "max_lr": 0.0030899760143869486,
  "weight_decay": 1.547095854930993e-05,
  "batch": 32768,
  "auc": 0.87953394488688
}