{
  "trial": 31,
  "depth": 6,
  "base_width": 1024,
  "shape": "uniform",
  "hidden_layers": [
    1024,
    1024,
    1024,
    1024,
    1024,
    1024
  ],
  "act": "gelu",
  "dropout": 0.17544934997093978,
  "max_lr": 0.0027433289070566995,
  "weight_decay": 4.952726541055117e-05,
  "batch": 8192,
  "auc": 0.8815379791182879
}