{
  "trial": 32,
  "depth": 6,
  "base_width": 768,
  "shape": "uniform",
  "hidden_layers": [
    768,
    768,
    768,
    768,
    768,
    768
  ],
  "act": "gelu",
  "dropout": 0.3381643045791617,
  "max_lr": 0.002910003968493881,
  "weight_decay": 5.618828366280925e-06,
  "batch": 8192,
  "auc": 0.8820957780677564
}