{
  "trial": 17,
  "depth": 6,
  "base_width": 768,
  "shape": "uniform",
  "hidden_layers": [
    768,
    768,
    768,
    768,
    768,
    768
  ],
  "act": "gelu",
  "dropout": 0.3584418364888228,
  "max_lr": 0.00379172487822587,
  "weight_decay": 5.6966059783235345e-05,
  "batch": 8192,
  "auc": 0.8820525975653954
}