{
  "trial": 30,
  "depth": 5,
  "base_width": 768,
  "shape": "uniform",
  "hidden_layers": [
    768,
    768,
    768,
    768,
    768
  ],
  "act": "gelu",
  "dropout": 0.38395114971639743,
  "max_lr": 0.0022470420945825144,
  "weight_decay": 0.0009886894644975496,
  "batch": 8192,
  "auc": 0.8795294891753395
}