{
  "trial": 11,
  "depth": 5,
  "base_width": 384,
  "shape": "uniform",
  "hidden_layers": [
    384,
    384,
    384,
    384,
    384
  ],
  "act": "gelu",
  "dropout": 0.345836732021394,
  "max_lr": 0.0037891836155668737,
  "weight_decay": 5.553994832357577e-06,
  "batch": 16384,
  "auc": 0.8805247366156777
}